Workbook
Name A: #REF!
Name Slicer_Representative: #N/A

Sheet Customer Centre Report
L1: CALL CENTRE PERFORMANCE REPORT
P27: =Pivot!B115 -> R01 | Q27: =Pivot!C115 -> R02 | R27: =Pivot!D115 -> R03 | S27: =Pivot!E115 -> R04 | T27: =Pivot!F115 -> R05 | U27: TOTAL
O28: =Pivot!A116 -> Cincinnati
O29: =Pivot!A117 -> C0003 | P29: =Pivot!B117 -> 891 | Q29: =Pivot!C117 -> 1332 | R29: =Pivot!D117 -> 1282 | S29: =Pivot!E117 -> 739 | T29: =Pivot!F117 -> 560 | U29: =Pivot!G117 -> 4804
O30: =Pivot!A118 -> C0004 | P30: =Pivot!B118 -> 1991 | Q30: =Pivot!C118 -> 1886 | R30: =Pivot!D118 -> 1206 | S30: =Pivot!E118 -> 884 | T30: =Pivot!F118 -> 1722 | U30: =Pivot!G118 -> 7689
L31: =Pivot!F87 -> #NAME? | O31: =Pivot!A119 -> C0011 | P31: =Pivot!B119 -> 1163 | Q31: =Pivot!C119 -> 1180 | R31: =Pivot!D119 -> 1616 | S31: =Pivot!E119 -> 1043 | T31: =Pivot!F119 -> 1747 | U31: =Pivot!G119 -> 6749
O32: =Pivot!A120 -> C0012 | P32: =Pivot!B120 -> 1438 | Q32: =Pivot!C120 -> 1616 | R32: =Pivot!D120 -> 866 | S32: =Pivot!E120 -> 829 | T32: =Pivot!F120 -> 2070 | U32: =Pivot!G120 -> 6819
O33: =Pivot!A121 -> Cleveland
O34: =Pivot!A122 -> C0002 | P34: =Pivot!B122 -> 1233 | Q34: =Pivot!C122 -> 223 | R34: =Pivot!D122 -> 1680 | S34: =Pivot!E122 -> 990 | T34: =Pivot!F122 -> 1508 | U34: =Pivot!G122 -> 5634
O35: =Pivot!A123 -> C0007 | P35: =Pivot!B123 -> 1598 | Q35: =Pivot!C123 -> 1907 | R35: =Pivot!D123 -> 869 | S35: =Pivot!E123 -> 1426 | T35: =Pivot!F123 -> 1416 | U35: =Pivot!G123 -> 7216
O36: =Pivot!A124 -> C0008 | P36: =Pivot!B124 -> 900 | Q36: =Pivot!C124 -> 1016 | R36: =Pivot!D124 -> 960 | S36: =Pivot!E124 -> 940 | T36: =Pivot!F124 -> 1193 | U36: =Pivot!G124 -> 5009
M37: =Pivot!F84 -> % of calls:22% | O37: =Pivot!A125 -> C0010 | P37: =Pivot!B125 -> 900 | Q37: =Pivot!C125 -> 1470 | R37: =Pivot!D125 -> 1617 | S37: =Pivot!E125 -> 1314 | T37: =Pivot!F125 -> 941 | U37: =Pivot!G125 -> 6242
M38: =Pivot!F85 -> #NAME? | O38: =Pivot!A126 -> C0013 | P38: =Pivot!B126 -> 1255 | Q38: =Pivot!C126 -> 516 | R38: =Pivot!D126 -> 1874 | S38: =Pivot!E126 -> 1863 | T38: =Pivot!F126 -> 1722 | U38: =Pivot!G126 -> 7230
M39: =Pivot!F86 -> #NAME? | O39: =Pivot!A127 -> C0015 | P39: =Pivot!B127 -> 1138 | Q39: =Pivot!C127 -> 1898 | R39: =Pivot!D127 -> 1482 | S39: =Pivot!E127 -> 846 | T39: =Pivot!F127 -> 1154 | U39: =Pivot!G127 -> 6518
O40: =Pivot!A128 -> Columbus
O41: =Pivot!A129 -> C0001 | P41: =Pivot!B129 -> 1655 | Q41: =Pivot!C129 -> 805 | R41: =Pivot!D129 -> 2263 | S41: =Pivot!E129 -> 987 | T41: =Pivot!F129 -> 1075 | U41: =Pivot!G129 -> 6785
O42: =Pivot!A130 -> C0005 | P42: =Pivot!B130 -> 1104 | Q42: =Pivot!C130 -> 2280 | R42: =Pivot!D130 -> 1445 | S42: =Pivot!E130 -> 1722 | T42: =Pivot!F130 -> 1196 | U42: =Pivot!G130 -> 7747
O43: =Pivot!A131 -> C0006 | P43: =Pivot!B131 -> 372 | Q43: =Pivot!C131 -> 1818 | R43: =Pivot!D131 -> 1346 | S43: =Pivot!E131 -> 1156 | T43: =Pivot!F131 -> 1484 | U43: =Pivot!G131 -> 6176
O44: =Pivot!A132 -> C0009 | P44: =Pivot!B132 -> 1415 | Q44: =Pivot!C132 -> 1271 | R44: =Pivot!D132 -> 1214 | S44: =Pivot!E132 -> 1135 | T44: =Pivot!F132 -> 1566 | U44: =Pivot!G132 -> 6601
O45: =Pivot!A133 -> C0014 | P45: =Pivot!B133 -> 1362 | Q45: =Pivot!C133 -> 1363 | R45: =Pivot!D133 -> 1152 | S45: =Pivot!E133 -> 777 | T45: =Pivot!F133 -> 750 | U45: =Pivot!G133 -> 5404

Sheet Pivot
A3: Call Count | B3: Total Amount | C3: Total Duration | D3: Average Rating | E3: 5* Calls
A4: 1000 | B4: 96623 | C4: 89850 | D4: 3.8854 | E4: 307
A10: Call Count | B10: Total Amount | C10: Total Duration | D10: Average Rating | E10: 5* Calls
A11: 218 | B11: 20581 | C11: 19300 | D11: 3.8706422 | E11: 74
A24: Row Labels | B24: Call Count | C24: Call Count2 | E24: Row Labels | F24: Call Count
A25: Jan | B25: 19 | C25: 19 | E25: Monday | F25: 24
A26: Feb | B26: 10 | C26: 10 | E26: Tuesday | F26: 44
A27: Mar | B27: 40 | C27: 40 | E27: Wednesday | F27: 36
A28: Apr | B28: 40 | C28: 40 | E28: Thursday | F28: 33
A29: May | B29: 13 | C29: 13 | E29: Friday | F29: 29
A30: Jun | B30: 12 | C30: 12 | E30: Saturday | F30: 24
A31: Jul | B31: 9 | C31: 9 | E31: Sunday | F31: 28
A32: Aug | B32: 13 | C32: 13 | E32: Grand Total | F32: 218
A33: Sep | B33: 18 | C33: 18
A34: Oct | B34: 21 | C34: 21
A35: Nov | B35: 14 | C35: 14
A36: Dec | B36: 9 | C36: 9
A37: Grand Total | B37: 218 | C37: 218
E48: For graph | H48: Selected rep | I48: =A78 -> R02
A50: Row Labels | B50: Count of Call number | C50: Sum of Purchase Amount | E50: Rep | F50: Calls | G50: Amount | H50: Sel.Calls | I50: Sel.Amount
A51: R01 | B51: 189 | C51: 18415 | E51: =A51 -> R01 | F51: =B51 -> 189 | G51: =C51 -> 18415 | H51: =IF(E51=$I$48,F51,NA()) -> #N/A | I51: =IF(E51=$I$48,G51,NA()) -> #N/A
A52: R02 | B52: 218 | C52: 20581 | E52: =A52 -> R02 | F52: =B52 -> 218 | G52: =C52 -> 20581 | H52: =IF(E52=$I$48,F52,NA()) -> 218 | I52: =IF(E52=$I$48,G52,NA()) -> 20581
A53: R03 | B53: 207 | C53: 20872 | E53: =A53 -> R03 | F53: =B53 -> 207 | G53: =C53 -> 20872 | H53: =IF(E53=$I$48,F53,NA()) -> #N/A | I53: =IF(E53=$I$48,G53,NA()) -> #N/A
A54: R04 | B54: 186 | C54: 16651 | E54: =A54 -> R04 | F54: =B54 -> 186 | G54: =C54 -> 16651 | H54: =IF(E54=$I$48,F54,NA()) -> #N/A | I54: =IF(E54=$I$48,G54,NA()) -> #N/A
A55: R05 | B55: 200 | C55: 20104 | E55: =A55 -> R05 | F55: =B55 -> 200 | G55: =C55 -> 20104 | H55: =IF(E55=$I$48,F55,NA()) -> #N/A | I55: =IF(E55=$I$48,G55,NA()) -> #N/A
A56: Grand Total | B56: 1000 | C56: 96623
I57: =
E75: Rep Summary
A77: Row Labels | E77: % of calls | F77: =A11/A4 -> 0.218
A78: R02 | E78: Calls | F78: =_xlfn.XLOOKUP(A78,E50:E56,F50:F56) -> #NAME?
E79: Amount | F79: =_xlfn.XLOOKUP(A78,E50:E55,G50:G55) -> #NAME?
E81: Call rank | F81: =_xlfn.RANK.AVG(F78,F51:F55) -> #NAME?
E82: Amount rank | F82: =_xlfn.RANK.AVG(F79,G51:G55) -> #NAME?
E84: lABELS: | F84: ="% of calls:"&TEXT(F77,"0%") -> % of calls:22%
F85: =IF(COUNTA(A78:A80)>1,"","Call rank:"&F81) -> #NAME?
F86: =IF(COUNTA(A78:A80)>1,"","Amount rank:"&F82) -> #NAME?
E87: Image: | F87: =_xlfn.XLOOKUP(A78,'Assets '!E3:E7,'Assets '!F3:F7) -> #NAME?
A91: Call Count | B91: Column Labels
A92: Row Labels | B92: Female | C92: Male | D92: Grand Total
A93: Cincinnati | B93: 144 | C93: 132 | D93: 276
A94: Cleveland | B94: 326 | C94: 63 | D94: 389
A95: Columbus | B95: 129 | C95: 206 | D95: 335
A96: Grand Total | B96: 599 | C96: 401 | D96: 1000
A101: Row Labels | B101: Call Count
A102: 1 | B102: 3
A103: 2 | B103: 19
A104: 3 | B104: 35
A105: 4 | B105: 87
A106: 5 | B106: 74
A107: Grand Total | B107: 218
A114: Total Amount | B114: Column Labels
A115: Row Labels | B115: R01 | C115: R02 | D115: R03 | E115: R04 | F115: R05 | G115: Grand Total
A116: Cincinnati | B116: 5483 | C116: 6014 | D116: 4970 | E116: 3495 | F116: 6099 | G116: 26061
A117: C0003 | B117: 891 | C117: 1332 | D117: 1282 | E117: 739 | F117: 560 | G117: 4804
A118: C0004 | B118: 1991 | C118: 1886 | D118: 1206 | E118: 884 | F118: 1722 | G118: 7689
A119: C0011 | B119: 1163 | C119: 1180 | D119: 1616 | E119: 1043 | F119: 1747 | G119: 6749
A120: C0012 | B120: 1438 | C120: 1616 | D120: 866 | E120: 829 | F120: 2070 | G120: 6819
A121: Cleveland | B121: 7024 | C121: 7030 | D121: 8482 | E121: 7379 | F121: 7934 | G121: 37849
A122: C0002 | B122: 1233 | C122: 223 | D122: 1680 | E122: 990 | F122: 1508 | G122: 5634
A123: C0007 | B123: 1598 | C123: 1907 | D123: 869 | E123: 1426 | F123: 1416 | G123: 7216
A124: C0008 | B124: 900 | C124: 1016 | D124: 960 | E124: 940 | F124: 1193 | G124: 5009
A125: C0010 | B125: 900 | C125: 1470 | D125: 1617 | E125: 1314 | F125: 941 | G125: 6242
A126: C0013 | B126: 1255 | C126: 516 | D126: 1874 | E126: 1863 | F126: 1722 | G126: 7230
A127: C0015 | B127: 1138 | C127: 1898 | D127: 1482 | E127: 846 | F127: 1154 | G127: 6518
... A133: C0014 | B133: 1362 | C133: 1363 | D133: 1152 | E133: 777 | F133: 750 | G133: 5404

Sheet Data
B1: Call Centre Data
B3: Call number | C3: Customer ID | D3: Duration | E3: Representative | F3: Date of Call | G3: Purchase Amount | H3: Satisfaction Rating | I3: FY | J3: Day of week | K3: Duration Bucket | L3: Rating rounded | Q3: Customer ID | R3: Gender | S3: Age | T3: City
B4: Call_7271 | C4: C0003 | D4: 116 | E4: R05 | F4: 44927 | G4: 128 | H4: 4.9 | I4: =IF(MONTH(calls[[#This Row],[Date of Call]])<=6, YEAR(calls[[#This Row],[Date of Call]]), YEAR(calls[[#This Row],[Date of Call]])+1) -> 2023 | J4: =TEXT(calls[[#This Row],[Date of Call]],"DDDD") -> Sunday | K4: {=_xlfn.IFS(calls[[#This Row],[Duration]]<=10,"Under 10 mins", calls[[#This Row],[Duration]]<=30, "10 to 30 mins", calls[[#This Row],[Duration]]<=60, "30 to 60 mins", calls[[#This Row],[Duration]]<=120, "1 to 2 hours", TRUE, "More than 2 hours")} -> 1 to 2 hours | L4: =ROUND(calls[[#This Row],[Satisfaction Rating]],0) -> 5 | Q4: C0001 | R4: Male | S4: 41 | T4: Columbus
B5: Call_7272 | C5: C0004 | D5: 119 | E5: R05 | F5: 44927 | G5: 135 | H5: 2.9 | I5: =IF(MONTH(calls[[#This Row],[Date of Call]])<=6, YEAR(calls[[#This Row],[Date of Call]]), YEAR(calls[[#This Row],[Date of Call]])+1) -> 2023 | J5: =TEXT(calls[[#This Row],[Date of Call]],"DDDD") -> Sunday | K5: {=_xlfn.IFS(calls[[#This Row],[Duration]]<=10,"Under 10 mins", calls[[#This Row],[Duration]]<=30, "10 to 30 mins", calls[[#This Row],[Duration]]<=60, "30 to 60 mins", calls[[#This Row],[Duration]]<=120, "1 to 2 hours", TRUE, "More than 2 hours")} -> 1 to 2 hours | L5: =ROUND(calls[[#This Row],[Satisfaction Rating]],0) -> 3 | Q5: C0002 | R5: Male | S5: 31 | T5: Cleveland
B6: Call_7273 | C6: C0005 | D6: 68 | E6: R02 | F6: 44927 | G6: 66 | H6: 4.7 | I6: =IF(MONTH(calls[[#This Row],[Date of Call]])<=6, YEAR(calls[[#This Row],[Date of Call]]), YEAR(calls[[#This Row],[Date of Call]])+1) -> 2023 | J6: =TEXT(calls[[#This Row],[Date of Call]],"DDDD") -> Sunday | K6: {=_xlfn.IFS(calls[[#This Row],[Duration]]<=10,"Under 10 mins", calls[[#This Row],[Duration]]<=30, "10 to 30 mins", calls[[#This Row],[Duration]]<=60, "30 to 60 mins", calls[[#This Row],[Duration]]<=120, "1 to 2 hours", TRUE, "More than 2 hours")} -> 1 to 2 hours | L6: =ROUND(calls[[#This Row],[Satisfaction Rating]],0) -> 5 | Q6: C0003 | R6: Male | S6: 26 | T6: Cincinnati
B7: Call_7274 | C7: C0014 | D7: 119 | E7: R02 | F7: 44927 | G7: 22 | H7: 2.9 | I7: =IF(MONTH(calls[[#This Row],[Date of Call]])<=6, YEAR(calls[[#This Row],[Date of Call]]), YEAR(calls[[#This Row],[Date of Call]])+1) -> 2023 | J7: =TEXT(calls[[#This Row],[Date of Call]],"DDDD") -> Sunday | K7: {=_xlfn.IFS(calls[[#This Row],[Duration]]<=10,"Under 10 mins", calls[[#This Row],[Duration]]<=30, "10 to 30 mins", calls[[#This Row],[Duration]]<=60, "30 to 60 mins", calls[[#This Row],[Duration]]<=120, "1 to 2 hours", TRUE, "More than 2 hours")} -> 1 to 2 hours | L7: =ROUND(calls[[#This Row],[Satisfaction Rating]],0) -> 3 | Q7: C0004 | R7: Male | S7: 36 | T7: Cincinnati
B8: Call_7275 | C8: C0011 | D8: 128 | E8: R01 | F8: 44928 | G8: 31 | H8: 2.8 | I8: =IF(MONTH(calls[[#This Row],[Date of Call]])<=6, YEAR(calls[[#This Row],[Date of Call]]), YEAR(calls[[#This Row],[Date of Call]])+1) -> 2023 | J8: =TEXT(calls[[#This Row],[Date of Call]],"DDDD") -> Monday | K8: {=_xlfn.IFS(calls[[#This Row],[Duration]]<=10,"Under 10 mins", calls[[#This Row],[Duration]]<=30, "10 to 30 mins", calls[[#This Row],[Duration]]<=60, "30 to 60 mins", calls[[#This Row],[Duration]]<=120, "1 to 2 hours", TRUE, "More than 2 hours")} -> More than 2 hours | L8: =ROUND(calls[[#This Row],[Satisfaction Rating]],0) -> 3 | Q8: C0005 | R8: Male | S8: 37 | T8: Columbus
B9: Call_7276 | C9: C0011 | D9: 49 | E9: R02 | F9: 44929 | G9: 135 | H9: 4.8 | I9: =IF(MONTH(calls[[#This Row],[Date of Call]])<=6, YEAR(calls[[#This Row],[Date of Call]]), YEAR(calls[[#This Row],[Date of Call]])+1) -> 2023 | J9: =TEXT(calls[[#This Row],[Date of Call]],"DDDD") -> Tuesday | K9: {=_xlfn.IFS(calls[[#This Row],[Duration]]<=10,"Under 10 mins", calls[[#This Row],[Duration]]<=30, "10 to 30 mins", calls[[#This Row],[Duration]]<=60, "30 to 60 mins", calls[[#This Row],[Duration]]<=120, "1 to 2 hours", TRUE, "More than 2 hours")} -> 30 to 60 mins | L9: =ROUND(calls[[#This Row],[Satisfaction Rating]],0) -> 5 | Q9: C0006 | R9: Male | S9: 23 | T9: Columbus
B10: Call_7277 | C10: C0007 | D10: 84 | E10: R05 | F10: 44929 | G10: 60 | H10: 4.7 | I10: =IF(MONTH(calls[[#This Row],[Date of Call]])<=6, YEAR(calls[[#This Row],[Date of Call]]), YEAR(calls[[#This Row],[Date of Call]])+1) -> 2023 | J10: =TEXT(calls[[#This Row],[Date of Call]],"DDDD") -> Tuesday | K10: {=_xlfn.IFS(calls[[#This Row],[Duration]]<=10,"Under 10 mins", calls[[#This Row],[Duration]]<=30, "10 to 30 mins", calls[[#This Row],[Duration]]<=60, "30 to 60 mins", calls[[#This Row],[Duration]]<=120, "1 to 2 hours", TRUE, "More than 2 hours")} -> 1 to 2 hours | L10: =ROUND(calls[[#This Row],[Satisfaction Rating]],0) -> 5 | Q10: C0007 | R10: Female | S10: 22 | T10: Cleveland
B11: Call_7278 | C11: C0003 | D11: 103 | E11: R04 | F11: 44929 | G11: 148 | H11: 4.4 | I11: =IF(MONTH(calls[[#This Row],[Date of Call]])<=6, YEAR(calls[[#This Row],[Date of Call]]), YEAR(calls[[#This Row],[Date of Call]])+1) -> 2023 | J11: =TEXT(calls[[#This Row],[Date of Call]],"DDDD") -> Tuesday | K11: {=_xlfn.IFS(calls[[#This Row],[Duration]]<=10,"Under 10 mins", calls[[#This Row],[Duration]]<=30, "10 to 30 mins", calls[[#This Row],[Duration]]<=60, "30 to 60 mins", calls[[#This Row],[Duration]]<=120, "1 to 2 hours", TRUE, "More than 2 hours")} -> 1 to 2 hours | L11: =ROUND(calls[[#This Row],[Satisfaction Rating]],0) -> 4 | Q11: C0008 | R11: Female | S11: 42 | T11: Cleveland
B12: Call_7279 | C12: C0005 | D12: 31 | E12: R02 | F12: 44929 | G12: 135 | H12: 3.6 | I12: =IF(MONTH(calls[[#This Row],[Date of Call]])<=6, YEAR(calls[[#This Row],[Date of Call]]), YEAR(calls[[#This Row],[Date of Call]])+1) -> 2023 | J12: =TEXT(calls[[#This Row],[Date of Call]],"DDDD") -> Tuesday | K12: {=_xlfn.IFS(calls[[#This Row],[Duration]]<=10,"Under 10 mins", calls[[#This Row],[Duration]]<=30, "10 to 30 mins", calls[[#This Row],[Duration]]<=60, "30 to 60 mins", calls[[#This Row],[Duration]]<=120, "1 to 2 hours", TRUE, "More than 2 hours")} -> 30 to 60 mins | L12: =ROUND(calls[[#This Row],[Satisfaction Rating]],0) -> 4 | Q12: C0009 | R12: Female | S12: 25 | T12: Columbus
B13: Call_7280 | C13: C0010 | D13: 44 | E13: R03 | F13: 44929 | G13: 105 | H13: 2.9 | I13: =IF(MONTH(calls[[#This Row],[Date of Call]])<=6, YEAR(calls[[#This Row],[Date of Call]]), YEAR(calls[[#This Row],[Date of Call]])+1) -> 2023 | J13: =TEXT(calls[[#This Row],[Date of Call]],"DDDD") -> Tuesday | K13: {=_xlfn.IFS(calls[[#This Row],[Duration]]<=10,"Under 10 mins", calls[[#This Row],[Duration]]<=30, "10 to 30 mins", calls[[#This Row],[Duration]]<=60, "30 to 60 mins", calls[[#This Row],[Duration]]<=120, "1 to 2 hours", TRUE, "More than 2 hours")} -> 30 to 60 mins | L13: =ROUND(calls[[#This Row],[Satisfaction Rating]],0) -> 3 | Q13: C0010 | R13: Female | S13: 30 | T13: Cleveland
B14: Call_7281 | C14: C0011 | D14: 102 | E14: R02 | F14: 44929 | G14: 69 | H14: 4.9 | I14: =IF(MONTH(calls[[#This Row],[Date of Call]])<=6, YEAR(calls[[#This Row],[Date of Call]]), YEAR(calls[[#This Row],[Date of Call]])+1) -> 2023 | J14: =TEXT(calls[[#This Row],[Date of Call]],"DDDD") -> Tuesday | K14: {=_xlfn.IFS(calls[[#This Row],[Duration]]<=10,"Under 10 mins", calls[[#This Row],[Duration]]<=30, "10 to 30 mins", calls[[#This Row],[Duration]]<=60, "30 to 60 mins", calls[[#This Row],[Duration]]<=120, "1 to 2 hours", TRUE, "More than 2 hours")} -> 1 to 2 hours | L14: =ROUND(calls[[#This Row],[Satisfaction Rating]],0) -> 5 | Q14: C0011 | R14: Female | S14: 30 | T14: Cincinnati
B15: Call_7282 | C15: C0013 | D15: 135 | E15: R05 | F15: 44929 | G15: 46 | H15: 3.4 | I15: =IF(MONTH(calls[[#This Row],[Date of Call]])<=6, YEAR(calls[[#This Row],[Date of Call]]), YEAR(calls[[#This Row],[Date of Call]])+1) -> 2023 | J15: =TEXT(calls[[#This Row],[Date of Call]],"DDDD") -> Tuesday | K15: {=_xlfn.IFS(calls[[#This Row],[Duration]]<=10,"Under 10 mins", calls[[#This Row],[Duration]]<=30, "10 to 30 mins", calls[[#This Row],[Duration]]<=60, "30 to 60 mins", calls[[#This Row],[Duration]]<=120, "1 to 2 hours", TRUE, "More than 2 hours")} -> More than 2 hours | L15: =ROUND(calls[[#This Row],[Satisfaction Rating]],0) -> 3 | Q15: C0012 | R15: Female | S15: 28 | T15: Cincinnati
... B18: Call_7285 | C18: C0013 | D18: 48 | E18: R01 | F18: 44930 | G18: 68 | H18: 4.9 | I18: =IF(MONTH(calls[[#This Row],[Date of Call]])<=6, YEAR(calls[[#This Row],[Date of Call]]), YEAR(calls[[#This Row],[Date of Call]])+1) -> 2023 | J18: =TEXT(calls[[#This Row],[Date of Call]],"DDDD") -> Wednesday | K18: {=_xlfn.IFS(calls[[#This Row],[Duration]]<=10,"Under 10 mins", calls[[#This Row],[Duration]]<=30, "10 to 30 mins", calls[[#This Row],[Duration]]<=60, "30 to 60 mins", calls[[#This Row],[Duration]]<=120, "1 to 2 hours", TRUE, "More than 2 hours")} -> 30 to 60 mins | L18: =ROUND(calls[[#This Row],[Satisfaction Rating]],0) -> 5 | Q18: C0015 | R18: Female | S18: 43 | T18: Cleveland
B19: Call_7286 | C19: C0010 | D19: 176 | E19: R05 | F19: 44931 | G19: 24 | H19: 4.8 | I19: =IF(MONTH(calls[[#This Row],[Date of Call]])<=6, YEAR(calls[[#This Row],[Date of Call]]), YEAR(calls[[#This Row],[Date of Call]])+1) -> 2023 | J19: =TEXT(calls[[#This Row],[Date of Call]],"DDDD") -> Thursday | K19: {=_xlfn.IFS(calls[[#This Row],[Duration]]<=10,"Under 10 mins", calls[[#This Row],[Duration]]<=30, "10 to 30 mins", calls[[#This Row],[Duration]]<=60, "30 to 60 mins", calls[[#This Row],[Duration]]<=120, "1 to 2 hours", TRUE, "More than 2 hours")} -> More than 2 hours | L19: =ROUND(calls[[#This Row],[Satisfaction Rating]],0) -> 5
B20: Call_7287 | C20: C0010 | D20: 99 | E20: R01 | F20: 44931 | G20: 195 | H20: 3.9 | I20: =IF(MONTH(calls[[#This Row],[Date of Call]])<=6, YEAR(calls[[#This Row],[Date of Call]]), YEAR(calls[[#This Row],[Date of Call]])+1) -> 2023 | J20: =TEXT(calls[[#This Row],[Date of Call]],"DDDD") -> Thursday | K20: {=_xlfn.IFS(calls[[#This Row],[Duration]]<=10,"Under 10 mins", calls[[#This Row],[Duration]]<=30, "10 to 30 mins", calls[[#This Row],[Duration]]<=60, "30 to 60 mins", calls[[#This Row],[Duration]]<=120, "1 to 2 hours", TRUE, "More than 2 hours")} -> 1 to 2 hours | L20: =ROUND(calls[[#This Row],[Satisfaction Rating]],0) -> 4
B21: Call_7288 | C21: C0009 | D21: 28 | E21: R03 | F21: 44931 | G21: 28 | H21: 3.8 | I21: =IF(MONTH(calls[[#This Row],[Date of Call]])<=6, YEAR(calls[[#This Row],[Date of Call]]), YEAR(calls[[#This Row],[Date of Call]])+1) -> 2023 | J21: =TEXT(calls[[#This Row],[Date of Call]],"DDDD") -> Thursday | K21: {=_xlfn.IFS(calls[[#This Row],[Duration]]<=10,"Under 10 mins", calls[[#This Row],[Duration]]<=30, "10 to 30 mins", calls[[#This Row],[Duration]]<=60, "30 to 60 mins", calls[[#This Row],[Duration]]<=120, "1 to 2 hours", TRUE, "More than 2 hours")} -> 10 to 30 mins | L21: =ROUND(calls[[#This Row],[Satisfaction Rating]],0) -> 4
B22: Call_7289 | C22: C0007 | D22: 54 | E22: R02 | F22: 44931 | G22: 170 | H22: 4.3 | I22: =IF(MONTH(calls[[#This Row],[Date of Call]])<=6, YEAR(calls[[#This Row],[Date of Call]]), YEAR(calls[[#This Row],[Date of Call]])+1) -> 2023 | J22: =TEXT(calls[[#This Row],[Date of Call]],"DDDD") -> Thursday | K22: {=_xlfn.IFS(calls[[#This Row],[Duration]]<=10,"Under 10 mins", calls[[#This Row],[Duration]]<=30, "10 to 30 mins", calls[[#This Row],[Duration]]<=60, "30 to 60 mins", calls[[#This Row],[Duration]]<=120, "1 to 2 hours", TRUE, "More than 2 hours")} -> 30 to 60 mins | L22: =ROUND(calls[[#This Row],[Satisfaction Rating]],0) -> 4
B23: Call_7290 | C23: C0006 | D23: 48 | E23: R05 | F23: 44932 | G23: 30 | H23: 4.4 | I23: =IF(MONTH(calls[[#This Row],[Date of Call]])<=6, YEAR(calls[[#This Row],[Date of Call]]), YEAR(calls[[#This Row],[Date of Call]])+1) -> 2023 | J23: =TEXT(calls[[#This Row],[Date of Call]],"DDDD") -> Friday | K23: {=_xlfn.IFS(calls[[#This Row],[Duration]]<=10,"Under 10 mins", calls[[#This Row],[Duration]]<=30, "10 to 30 mins", calls[[#This Row],[Duration]]<=60, "30 to 60 mins", calls[[#This Row],[Duration]]<=120, "1 to 2 hours", TRUE, "More than 2 hours")} -> 30 to 60 mins | L23: =ROUND(calls[[#This Row],[Satisfaction Rating]],0) -> 4
B24: Call_7291 | C24: C0004 | D24: 128 | E24: R05 | F24: 44932 | G24: 72 | H24: 5 | I24: =IF(MONTH(calls[[#This Row],[Date of Call]])<=6, YEAR(calls[[#This Row],[Date of Call]]), YEAR(calls[[#This Row],[Date of Call]])+1) -> 2023 | J24: =TEXT(calls[[#This Row],[Date of Call]],"DDDD") -> Friday | K24: {=_xlfn.IFS(calls[[#This Row],[Duration]]<=10,"Under 10 mins", calls[[#This Row],[Duration]]<=30, "10 to 30 mins", calls[[#This Row],[Duration]]<=60, "30 to 60 mins", calls[[#This Row],[Duration]]<=120, "1 to 2 hours", TRUE, "More than 2 hours")} -> More than 2 hours | L24: =ROUND(calls[[#This Row],[Satisfaction Rating]],0) -> 5
B25: Call_7292 | C25: C0004 | D25: 38 | E25: R04 | F25: 44933 | G25: 92 | H25: 4.9 | I25: =IF(MONTH(calls[[#This Row],[Date of Call]])<=6, YEAR(calls[[#This Row],[Date of Call]]), YEAR(calls[[#This Row],[Date of Call]])+1) -> 2023 | J25: =TEXT(calls[[#This Row],[Date of Call]],"DDDD") -> Saturday | K25: {=_xlfn.IFS(calls[[#This Row],[Duration]]<=10,"Under 10 mins", calls[[#This Row],[Duration]]<=30, "10 to 30 mins", calls[[#This Row],[Duration]]<=60, "30 to 60 mins", calls[[#This Row],[Duration]]<=120, "1 to 2 hours", TRUE, "More than 2 hours")} -> 30 to 60 mins | L25: =ROUND(calls[[#This Row],[Satisfaction Rating]],0) -> 5
B26: Call_7293 | C26: C0003 | D26: 67 | E26: R04 | F26: 44934 | G26: 165 | H26: 4.5 | I26: =IF(MONTH(calls[[#This Row],[Date of Call]])<=6, YEAR(calls[[#This Row],[Date of Call]]), YEAR(calls[[#This Row],[Date of Call]])+1) -> 2023 | J26: =TEXT(calls[[#This Row],[Date of Call]],"DDDD") -> Sunday | K26: {=_xlfn.IFS(calls[[#This Row],[Duration]]<=10,"Under 10 mins", calls[[#This Row],[Duration]]<=30, "10 to 30 mins", calls[[#This Row],[Duration]]<=60, "30 to 60 mins", calls[[#This Row],[Duration]]<=120, "1 to 2 hours", TRUE, "More than 2 hours")} -> 1 to 2 hours | L26: =ROUND(calls[[#This Row],[Satisfaction Rating]],0) -> 5
B27: Call_7294 | C27: C0015 | D27: 58 | E27: R02 | F27: 44934 | G27: 140 | H27: 2.1 | I27: =IF(MONTH(calls[[#This Row],[Date of Call]])<=6, YEAR(calls[[#This Row],[Date of Call]]), YEAR(calls[[#This Row],[Date of Call]])+1) -> 2023 | J27: =TEXT(calls[[#This Row],[Date of Call]],"DDDD") -> Sunday | K27: {=_xlfn.IFS(calls[[#This Row],[Duration]]<=10,"Under 10 mins", calls[[#This Row],[Duration]]<=30, "10 to 30 mins", calls[[#This Row],[Duration]]<=60, "30 to 60 mins", calls[[#This Row],[Duration]]<=120, "1 to 2 hours", TRUE, "More than 2 hours")} -> 30 to 60 mins | L27: =ROUND(calls[[#This Row],[Satisfaction Rating]],0) -> 2
B28: Call_7295 | C28: C0010 | D28: 54 | E28: R01 | F28: 44934 | G28: 111 | H28: 3.3 | I28: =IF(MONTH(calls[[#This Row],[Date of Call]])<=6, YEAR(calls[[#This Row],[Date of Call]]), YEAR(calls[[#This Row],[Date of Call]])+1) -> 2023 | J28: =TEXT(calls[[#This Row],[Date of Call]],"DDDD") -> Sunday | K28: {=_xlfn.IFS(calls[[#This Row],[Duration]]<=10,"Under 10 mins", calls[[#This Row],[Duration]]<=30, "10 to 30 mins", calls[[#This Row],[Duration]]<=60, "30 to 60 mins", calls[[#This Row],[Duration]]<=120, "1 to 2 hours", TRUE, "More than 2 hours")} -> 30 to 60 mins | L28: =ROUND(calls[[#This Row],[Satisfaction Rating]],0) -> 3
B29: Call_7296 | C29: C0012 | D29: 28 | E29: R05 | F29: 44935 | G29: 63 | H29: 4.1 | I29: =IF(MONTH(calls[[#This Row],[Date of Call]])<=6, YEAR(calls[[#This Row],[Date of Call]]), YEAR(calls[[#This Row],[Date of Call]])+1) -> 2023 | J29: =TEXT(calls[[#This Row],[Date of Call]],"DDDD") -> Monday | K29: {=_xlfn.IFS(calls[[#This Row],[Duration]]<=10,"Under 10 mins", calls[[#This Row],[Duration]]<=30, "10 to 30 mins", calls[[#This Row],[Duration]]<=60, "30 to 60 mins", calls[[#This Row],[Duration]]<=120, "1 to 2 hours", TRUE, "More than 2 hours")} -> 10 to 30 mins | L29: =ROUND(calls[[#This Row],[Satisfaction Rating]],0) -> 4
B30: Call_7297 | C30: C0002 | D30: 73 | E30: R05 | F30: 44935 | G30: 80 | H30: 4.2 | I30: =IF(MONTH(calls[[#This Row],[Date of Call]])<=6, YEAR(calls[[#This Row],[Date of Call]]), YEAR(calls[[#This Row],[Date of Call]])+1) -> 2023 | J30: =TEXT(calls[[#This Row],[Date of Call]],"DDDD") -> Monday | K30: {=_xlfn.IFS(calls[[#This Row],[Duration]]<=10,"Under 10 mins", calls[[#This Row],[Duration]]<=30, "10 to 30 mins", calls[[#This Row],[Duration]]<=60, "30 to 60 mins", calls[[#This Row],[Duration]]<=120, "1 to 2 hours", TRUE, "More than 2 hours")} -> 1 to 2 hours | L30: =ROUND(calls[[#This Row],[Satisfaction Rating]],0) -> 4
... B1003: Call_8270 | C1003: C0009 | D1003: 114 | E1003: R01 | F1003: 45291 | G1003: 40 | H1003: 3.9 | I1003: =IF(MONTH(calls[[#This Row],[Date of Call]])<=6, YEAR(calls[[#This Row],[Date of Call]]), YEAR(calls[[#This Row],[Date of Call]])+1) -> 2024 | J1003: =TEXT(calls[[#This Row],[Date of Call]],"DDDD") -> Sunday | K1003: {=_xlfn.IFS(calls[[#This Row],[Duration]]<=10,"Under 10 mins", calls[[#This Row],[Duration]]<=30, "10 to 30 mins", calls[[#This Row],[Duration]]<=60, "30 to 60 mins", calls[[#This Row],[Duration]]<=120, "1 to 2 hours", TRUE, "More than 2 hours")} -> 1 to 2 hours | L1003: =ROUND(calls[[#This Row],[Satisfaction Rating]],0) -> 4

Sheet Assets 
E2: Rep ID | F2: Rep Image
E3: R01 | F3: #VALUE!
E4: R02 | F4: #VALUE!
E5: R03 | F5: #VALUE!
E6: R04 | F6: #VALUE!
E7: R05 | F7: #VALUE!
